{
  "accuracy": 0.64375,
  "precision": 0.46153846153846156,
  "recall": 0.10714285714285714,
  "f1_score": 0.17391304347826086
}