{
  "accuracy": 0.9361329833770778,
  "precision": 0.9392070484581497,
  "recall": 0.9326334208223972,
  "f1_score": 0.935908691834943
}